yourlist:M202110025BF3C56A578D7D6DFD1FC81EE5DA773021A38BF	Entry	Entry name	Status	Protein names	Gene names	Organism	Length
ABL1	P00519	ABL1_HUMAN	reviewed	Tyrosine-protein kinase ABL1 (EC 2.7.10.2) (Abelson murine leukemia viral oncogene homolog 1) (Abelson tyrosine-protein kinase 1) (Proto-oncogene c-Abl) (p150)	ABL1 ABL JTK7	Homo sapiens (Human)	1130
AHR	P35869	AHR_HUMAN	reviewed	Aryl hydrocarbon receptor (Ah receptor) (AhR) (Class E basic helix-loop-helix protein 76) (bHLHe76)	AHR BHLHE76	Homo sapiens (Human)	848
AIRE	O43918	AIRE_HUMAN	reviewed	Autoimmune regulator (Autoimmune polyendocrinopathy candidiasis ectodermal dystrophy protein) (APECED protein)	AIRE APECED	Homo sapiens (Human)	545
APBB1	O00213	APBB1_HUMAN	reviewed	Amyloid-beta A4 precursor protein-binding family B member 1 (Protein Fe65)	APBB1 FE65 RIR	Homo sapiens (Human)	710
APC	P25054	APC_HUMAN	reviewed	Adenomatous polyposis coli protein (Protein APC) (Deleted in polyposis 2.5)	APC DP2.5	Homo sapiens (Human)	2843
APEX1	P27695	APEX1_HUMAN	reviewed	DNA-(apurinic or apyrimidinic site) endonuclease (EC 3.1.-.-) (APEX nuclease) (APEN) (Apurinic-apyrimidinic endonuclease 1) (AP endonuclease 1) (APE-1) (REF-1) (Redox factor-1) [Cleaved into: DNA-(apurinic or apyrimidinic site) endonuclease, mitochondrial]	APEX1 APE APE1 APEX APX HAP1 REF1	Homo sapiens (Human)	318
AR	P10275	ANDR_HUMAN	reviewed	Androgen receptor (Dihydrotestosterone receptor) (Nuclear receptor subfamily 3 group C member 4)	AR DHTR NR3C4	Homo sapiens (Human)	920
ARID1A	O14497	ARI1A_HUMAN	reviewed	AT-rich interactive domain-containing protein 1A (ARID domain-containing protein 1A) (B120) (BRG1-associated factor 250) (BAF250) (BRG1-associated factor 250a) (BAF250A) (Osa homolog 1) (hOSA1) (SWI-like protein) (SWI/SNF complex protein p270) (SWI/SNF-related, matrix-associated, actin-dependent regulator of chromatin subfamily F member 1) (hELD)	ARID1A BAF250 BAF250A C1orf4 OSA1 SMARCF1	Homo sapiens (Human)	2285
ARID1B	Q8NFD5	ARI1B_HUMAN	reviewed	AT-rich interactive domain-containing protein 1B (ARID domain-containing protein 1B) (BRG1-associated factor 250b) (BAF250B) (BRG1-binding protein hELD/OSA1) (Osa homolog 2) (hOsa2) (p250R)	ARID1B BAF250B DAN15 KIAA1235 OSA2	Homo sapiens (Human)	2236
ARNT	P27540	ARNT_HUMAN	reviewed	Aryl hydrocarbon receptor nuclear translocator (ARNT protein) (Class E basic helix-loop-helix protein 2) (bHLHe2) (Dioxin receptor, nuclear translocator) (Hypoxia-inducible factor 1-beta) (HIF-1-beta) (HIF1-beta)	ARNT BHLHE2	Homo sapiens (Human)	789
ARNTL	O00327	BMAL1_HUMAN	reviewed	Aryl hydrocarbon receptor nuclear translocator-like protein 1 (Basic-helix-loop-helix-PAS protein MOP3) (Brain and muscle ARNT-like 1) (Class E basic helix-loop-helix protein 5) (bHLHe5) (Member of PAS protein 3) (PAS domain-containing protein 3) (bHLH-PAS protein JAP3)	ARNTL BHLHE5 BMAL1 MOP3 PASD3	Homo sapiens (Human)	626
ASXL1	Q8IXJ9	ASXL1_HUMAN	reviewed	Polycomb group protein ASXL1 (Additional sex combs-like protein 1)	ASXL1 KIAA0978	Homo sapiens (Human)	1541
ATF3	P18847	ATF3_HUMAN	reviewed	Cyclic AMP-dependent transcription factor ATF-3 (cAMP-dependent transcription factor ATF-3) (Activating transcription factor 3)	ATF3	Homo sapiens (Human)	181
ATF4	P18848	ATF4_HUMAN	reviewed	Cyclic AMP-dependent transcription factor ATF-4 (cAMP-dependent transcription factor ATF-4) (Activating transcription factor 4) (Cyclic AMP-responsive element-binding protein 2) (CREB-2) (cAMP-responsive element-binding protein 2) (Tax-responsive enhancer element-binding protein 67) (TaxREB67)	ATF4 CREB2 TXREB	Homo sapiens (Human)	351
ATM	Q13315	ATM_HUMAN	reviewed	Serine-protein kinase ATM (EC 2.7.11.1) (Ataxia telangiectasia mutated) (A-T mutated)	ATM	Homo sapiens (Human)	3056
BACH1	O14867	BACH1_HUMAN	reviewed	Transcription regulator protein BACH1 (BTB and CNC homolog 1) (HA2303)	BACH1	Homo sapiens (Human)	736
BARD1	Q99728	BARD1_HUMAN	reviewed	BRCA1-associated RING domain protein 1 (BARD-1) (EC 2.3.2.27) (RING-type E3 ubiquitin transferase BARD1)	BARD1	Homo sapiens (Human)	777
BCL3	P20749	BCL3_HUMAN	reviewed	B-cell lymphoma 3 protein (BCL-3) (Proto-oncogene BCL3)	BCL3 BCL4 D19S37	Homo sapiens (Human)	454
BCL6	P41182	BCL6_HUMAN	reviewed	B-cell lymphoma 6 protein (BCL-6) (B-cell lymphoma 5 protein) (BCL-5) (Protein LAZ-3) (Zinc finger and BTB domain-containing protein 27) (Zinc finger protein 51)	BCL6 BCL5 LAZ3 ZBTB27 ZNF51	Homo sapiens (Human)	706
BDP1	A6H8Y1	BDP1_HUMAN	reviewed	Transcription factor TFIIIB component B'' homolog (Transcription factor IIIB 150) (TFIIIB150) (Transcription factor-like nuclear regulator)	BDP1 KIAA1241 KIAA1689 TFNR	Homo sapiens (Human)	2624
BDP1	Q99952	PTN18_HUMAN	reviewed	Tyrosine-protein phosphatase non-receptor type 18 (EC 3.1.3.48) (Brain-derived phosphatase)	PTPN18 BDP1	Homo sapiens (Human)	460
BPTF	Q12830	BPTF_HUMAN	reviewed	Nucleosome-remodeling factor subunit BPTF (Bromodomain and PHD finger-containing transcription factor) (Fetal Alz-50 clone 1 protein) (Fetal Alzheimer antigen)	BPTF FAC1 FALZ	Homo sapiens (Human)	3046
BRCA1	P38398	BRCA1_HUMAN	reviewed	Breast cancer type 1 susceptibility protein (EC 2.3.2.27) (RING finger protein 53) (RING-type E3 ubiquitin transferase BRCA1)	BRCA1 RNF53	Homo sapiens (Human)	1863
BRCA2	P51587	BRCA2_HUMAN	reviewed	Breast cancer type 2 susceptibility protein (Fanconi anemia group D1 protein)	BRCA2 FACD FANCD1	Homo sapiens (Human)	3418
BRD7	Q9NPI1	BRD7_HUMAN	reviewed	Bromodomain-containing protein 7 (75 kDa bromodomain protein) (Protein CELTIX-1)	BRD7 BP75 CELTIX1	Homo sapiens (Human)	651
BACH1,BRIP1	Q9BX63	FANCJ_HUMAN	reviewed	Fanconi anemia group J protein (Protein FACJ) (EC 3.6.4.13) (ATP-dependent RNA helicase BRIP1) (BRCA1-associated C-terminal helicase 1) (BRCA1-interacting protein C-terminal helicase 1) (BRCA1-interacting protein 1)	BRIP1 BACH1 FANCJ	Homo sapiens (Human)	1249
BRIP1	Q9P0J6	RM36_HUMAN	reviewed	39S ribosomal protein L36, mitochondrial (L36mt) (MRP-L36) (BRCA1-interacting protein 1) (Mitochondrial large ribosomal subunit protein bL36m)	MRPL36 BRIP1	Homo sapiens (Human)	103
CBFB	Q13951	PEBB_HUMAN	reviewed	Core-binding factor subunit beta (CBF-beta) (Polyomavirus enhancer-binding protein 2 beta subunit) (PEA2-beta) (PEBP2-beta) (SL3-3 enhancer factor 1 subunit beta) (SL3/AKV core-binding factor beta subunit)	CBFB	Homo sapiens (Human)	182
CEBPB	P17676	CEBPB_HUMAN	reviewed	CCAAT/enhancer-binding protein beta (C/EBP beta) (Liver activator protein) (LAP) (Liver-enriched inhibitory protein) (LIP) (Nuclear factor NF-IL6) (Transcription factor 5) (TCF-5)	CEBPB TCF5 PP9092	Homo sapiens (Human)	345
CEBPE	Q15744	CEBPE_HUMAN	reviewed	CCAAT/enhancer-binding protein epsilon (C/EBP epsilon)	CEBPE	Homo sapiens (Human)	281
CHD4	Q14839	CHD4_HUMAN	reviewed	Chromodomain-helicase-DNA-binding protein 4 (CHD-4) (EC 3.6.4.12) (ATP-dependent helicase CHD4) (Mi-2 autoantigen 218 kDa protein) (Mi2-beta)	CHD4	Homo sapiens (Human)	1912
CHD8	Q9HCK8	CHD8_HUMAN	reviewed	Chromodomain-helicase-DNA-binding protein 8 (CHD-8) (EC 3.6.4.12) (ATP-dependent helicase CHD8) (Helicase with SNF2 domain 1)	CHD8 HELSNF1 KIAA1564	Homo sapiens (Human)	2581
CLOCK	O15516	CLOCK_HUMAN	reviewed	Circadian locomoter output cycles protein kaput (hCLOCK) (EC 2.3.1.48) (Class E basic helix-loop-helix protein 8) (bHLHe8)	CLOCK BHLHE8 KIAA0334	Homo sapiens (Human)	846
COPS5	Q92905	CSN5_HUMAN	reviewed	COP9 signalosome complex subunit 5 (SGN5) (Signalosome subunit 5) (EC 3.4.-.-) (Jun activation domain-binding protein 1)	COPS5 CSN5 JAB1	Homo sapiens (Human)	334
CREB1	P16220	CREB1_HUMAN	reviewed	Cyclic AMP-responsive element-binding protein 1 (CREB-1) (cAMP-responsive element-binding protein 1)	CREB1	Homo sapiens (Human)	327
CREBBP	Q92793	CBP_HUMAN	reviewed	CREB-binding protein (Histone lysine acetyltransferase CREBBP) (EC 2.3.1.48) (Protein-lysine acetyltransferase CREBBP) (EC 2.3.1.-)	CREBBP CBP	Homo sapiens (Human)	2442
CTBP1	Q13363	CTBP1_HUMAN	reviewed	C-terminal-binding protein 1 (CtBP1) (EC 1.1.1.-)	CTBP1 CTBP	Homo sapiens (Human)	440
CTCF	P49711	CTCF_HUMAN	reviewed	Transcriptional repressor CTCF (11-zinc finger protein) (CCCTC-binding factor) (CTCFL paralog)	CTCF	Homo sapiens (Human)	727
CTNNB1	P35222	CTNB1_HUMAN	reviewed	Catenin beta-1 (Beta-catenin)	CTNNB1 CTNNB OK/SW-cl.35 PRO2286	Homo sapiens (Human)	781
CTNNBIP1	Q9NSA3	CNBP1_HUMAN	reviewed	Beta-catenin-interacting protein 1 (Inhibitor of beta-catenin and Tcf-4)	CTNNBIP1 ICAT	Homo sapiens (Human)	81
DAXX	Q9UER7	DAXX_HUMAN	reviewed	Death domain-associated protein 6 (Daxx) (hDaxx) (ETS1-associated protein 1) (EAP1) (Fas death domain-associated protein)	DAXX BING2 DAP6	Homo sapiens (Human)	740
DDB1	Q16531	DDB1_HUMAN	reviewed	DNA damage-binding protein 1 (DDB p127 subunit) (DNA damage-binding protein a) (DDBa) (Damage-specific DNA-binding protein 1) (HBV X-associated protein 1) (XAP-1) (UV-damaged DNA-binding factor) (UV-damaged DNA-binding protein 1) (UV-DDB 1) (XPE-binding factor) (XPE-BF) (Xeroderma pigmentosum group E-complementing protein) (XPCe)	DDB1 XAP1	Homo sapiens (Human)	1140
DDB2	Q92466	DDB2_HUMAN	reviewed	DNA damage-binding protein 2 (DDB p48 subunit) (DDBb) (Damage-specific DNA-binding protein 2) (UV-damaged DNA-binding protein 2) (UV-DDB 2)	DDB2	Homo sapiens (Human)	427
DDIT3	P0DPQ6	DT3UO_HUMAN	reviewed	DDIT3 upstream open reading frame protein (Alternative DDIT3 protein) (AltDDIT3)	DDIT3	Homo sapiens (Human)	34
DDIT3	P35638	DDIT3_HUMAN	reviewed	DNA damage-inducible transcript 3 protein (DDIT-3) (C/EBP zeta) (C/EBP-homologous protein) (CHOP) (C/EBP-homologous protein 10) (CHOP-10) (CCAAT/enhancer-binding protein homologous protein) (Growth arrest and DNA damage-inducible protein GADD153)	DDIT3 CHOP CHOP10 GADD153	Homo sapiens (Human)	169
DDX5	P17844	DDX5_HUMAN	reviewed	Probable ATP-dependent RNA helicase DDX5 (EC 3.6.4.13) (DEAD box protein 5) (RNA helicase p68)	DDX5 G17P1 HELR HLR1	Homo sapiens (Human)	614
DEAF1	O75398	DEAF1_HUMAN	reviewed	Deformed epidermal autoregulatory factor 1 homolog (Nuclear DEAF-1-related transcriptional regulator) (NUDR) (Suppressin) (Zinc finger MYND domain-containing protein 5)	DEAF1 SPN ZMYND5	Homo sapiens (Human)	565
DMAP1	Q9NPF5	DMAP1_HUMAN	reviewed	DNA methyltransferase 1-associated protein 1 (DNMAP1) (DNMT1-associated protein 1)	DMAP1 KIAA1425	Homo sapiens (Human)	467
DNMT1	P26358	DNMT1_HUMAN	reviewed	DNA (cytosine-5)-methyltransferase 1 (Dnmt1) (EC 2.1.1.37) (CXXC-type zinc finger protein 9) (DNA methyltransferase HsaI) (DNA MTase HsaI) (M.HsaI) (MCMT)	DNMT1 AIM CXXC9 DNMT	Homo sapiens (Human)	1616
DNMT3A	Q9Y6K1	DNM3A_HUMAN	reviewed	DNA (cytosine-5)-methyltransferase 3A (Dnmt3a) (EC 2.1.1.37) (Cysteine methyltransferase DNMT3A) (EC 2.1.1.-) (DNA methyltransferase HsaIIIA) (DNA MTase HsaIIIA) (M.HsaIIIA)	DNMT3A	Homo sapiens (Human)	912
DNMT3L	Q9UJW3	DNM3L_HUMAN	reviewed	DNA (cytosine-5)-methyltransferase 3-like	DNMT3L	Homo sapiens (Human)	386
E2F1	Q01094	E2F1_HUMAN	reviewed	Transcription factor E2F1 (E2F-1) (PBR3) (Retinoblastoma-associated protein 1) (RBAP-1) (Retinoblastoma-binding protein 3) (RBBP-3) (pRB-binding protein E2F-1)	E2F1 RBBP3	Homo sapiens (Human)	437
E2F4	Q16254	E2F4_HUMAN	reviewed	Transcription factor E2F4 (E2F-4)	E2F4	Homo sapiens (Human)	413
E2F5	Q15329	E2F5_HUMAN	reviewed	Transcription factor E2F5 (E2F-5)	E2F5	Homo sapiens (Human)	346
E2F6	O75461	E2F6_HUMAN	reviewed	Transcription factor E2F6 (E2F-6)	E2F6	Homo sapiens (Human)	281
EAF1	Q96JC9	EAF1_HUMAN	reviewed	ELL-associated factor 1	EAF1	Homo sapiens (Human)	268
EED	O75530	EED_HUMAN	reviewed	Polycomb protein EED (hEED) (Embryonic ectoderm development protein) (WD protein associating with integrin cytoplasmic tails 1) (WAIT-1)	EED	Homo sapiens (Human)	441
EGR1	P18146	EGR1_HUMAN	reviewed	Early growth response protein 1 (EGR-1) (AT225) (Nerve growth factor-induced protein A) (NGFI-A) (Transcription factor ETR103) (Transcription factor Zif268) (Zinc finger protein 225) (Zinc finger protein Krox-24)	EGR1 KROX24 ZNF225	Homo sapiens (Human)	543
EHMT2	Q96KQ7	EHMT2_HUMAN	reviewed	Histone-lysine N-methyltransferase EHMT2 (EC 2.1.1.-) (Euchromatic histone-lysine N-methyltransferase 2) (HLA-B-associated transcript 8) (Histone H3-K9 methyltransferase 3) (H3-K9-HMTase 3) (Lysine N-methyltransferase 1C) (Protein G9a)	EHMT2 BAT8 C6orf30 G9A KMT1C NG36	Homo sapiens (Human)	1210
ELK1	P19419	ELK1_HUMAN	reviewed	ETS domain-containing protein Elk-1	ELK1	Homo sapiens (Human)	428
ELK4	P28324	ELK4_HUMAN	reviewed	ETS domain-containing protein Elk-4 (Serum response factor accessory protein 1) (SAP-1) (SRF accessory protein 1)	ELK4 SAP1	Homo sapiens (Human)	431
ELL	P55199	ELL_HUMAN	reviewed	RNA polymerase II elongation factor ELL (Eleven-nineteen lysine-rich leukemia protein)	ELL C19orf17	Homo sapiens (Human)	621
EP300	Q09472	EP300_HUMAN	reviewed	Histone acetyltransferase p300 (p300 HAT) (EC 2.3.1.48) (E1A-associated protein p300) (Histone butyryltransferase p300) (EC 2.3.1.-) (Histone crotonyltransferase p300) (EC 2.3.1.-) (Protein 2-hydroxyisobutyryltransferase p300) (EC 2.3.1.-) (Protein lactyltransferas p300) (EC 2.3.1.-) (Protein propionyltransferase p300) (EC 2.3.1.-)	EP300 P300	Homo sapiens (Human)	2414
EPAS1	Q99814	EPAS1_HUMAN	reviewed	Endothelial PAS domain-containing protein 1 (EPAS-1) (Basic-helix-loop-helix-PAS protein MOP2) (Class E basic helix-loop-helix protein 73) (bHLHe73) (HIF-1-alpha-like factor) (HLF) (Hypoxia-inducible factor 2-alpha) (HIF-2-alpha) (HIF2-alpha) (Member of PAS protein 2) (PAS domain-containing protein 2)	EPAS1 BHLHE73 HIF2A MOP2 PASD2	Homo sapiens (Human)	870
ERG	P11308	ERG_HUMAN	reviewed	Transcriptional regulator ERG (Transforming protein ERG)	ERG	Homo sapiens (Human)	479
ERG	Q12809	KCNH2_HUMAN	reviewed	Potassium voltage-gated channel subfamily H member 2 (Eag homolog) (Ether-a-go-go-related gene potassium channel 1) (ERG-1) (Eag-related protein 1) (Ether-a-go-go-related protein 1) (H-ERG) (hERG-1) (hERG1) (Voltage-gated potassium channel subunit Kv11.1)	KCNH2 ERG ERG1 HERG	Homo sapiens (Human)	1159
ESR1	P03372	ESR1_HUMAN	reviewed	Estrogen receptor (ER) (ER-alpha) (Estradiol receptor) (Nuclear receptor subfamily 3 group A member 1)	ESR1 ESR NR3A1	Homo sapiens (Human)	595
ESR2	Q92731	ESR2_HUMAN	reviewed	Estrogen receptor beta (ER-beta) (Nuclear receptor subfamily 3 group A member 2)	ESR2 ESTRB NR3A2	Homo sapiens (Human)	530
ETS1	P14921	ETS1_HUMAN	reviewed	Protein C-ets-1 (p54)	ETS1 EWSR2	Homo sapiens (Human)	441
ETS2	P15036	ETS2_HUMAN	reviewed	Protein C-ets-2	ETS2	Homo sapiens (Human)	469
EWSR1	Q01844	EWS_HUMAN	reviewed	RNA-binding protein EWS (EWS oncogene) (Ewing sarcoma breakpoint region 1 protein)	EWSR1 EWS	Homo sapiens (Human)	656
EZH2	Q15910	EZH2_HUMAN	reviewed	Histone-lysine N-methyltransferase EZH2 (EC 2.1.1.356) (ENX-1) (Enhancer of zeste homolog 2) (Lysine N-methyltransferase 6)	EZH2 KMT6	Homo sapiens (Human)	746
FHL2	Q14192	FHL2_HUMAN	reviewed	Four and a half LIM domains protein 2 (FHL-2) (LIM domain protein DRAL) (Skeletal muscle LIM-protein 3) (SLIM-3)	FHL2 DRAL SLIM3	Homo sapiens (Human)	279
FOS	P01100	FOS_HUMAN	reviewed	Proto-oncogene c-Fos (Cellular oncogene fos) (G0/G1 switch regulatory protein 7)	FOS G0S7	Homo sapiens (Human)	380
FOSB	P53539	FOSB_HUMAN	reviewed	Protein fosB (G0/G1 switch regulatory protein 3)	FOSB G0S3	Homo sapiens (Human)	338
FOXG1	P55316	FOXG1_HUMAN	reviewed	Forkhead box protein G1 (Brain factor 1) (BF-1) (BF1) (Brain factor 2) (BF-2) (BF2) (hBF-2) (Forkhead box protein G1A) (Forkhead box protein G1B) (Forkhead box protein G1C) (Forkhead-related protein FKHL1) (HFK1) (Forkhead-related protein FKHL2) (HFK2) (Forkhead-related protein FKHL3) (HFK3)	FOXG1 FKH2 FKHL1 FKHL2 FKHL3 FKHL4 FOXG1A FOXG1B FOXG1C	Homo sapiens (Human)	489
FOXH1	O75593	FOXH1_HUMAN	reviewed	Forkhead box protein H1 (Forkhead activin signal transducer 1) (Fast-1) (hFAST-1) (Forkhead activin signal transducer 2) (Fast-2)	FOXH1 FAST1 FAST2	Homo sapiens (Human)	365
FOXO1	Q12778	FOXO1_HUMAN	reviewed	Forkhead box protein O1 (Forkhead box protein O1A) (Forkhead in rhabdomyosarcoma)	FOXO1 FKHR FOXO1A	Homo sapiens (Human)	655
FOXO3	O43524	FOXO3_HUMAN	reviewed	Forkhead box protein O3 (AF6q21 protein) (Forkhead in rhabdomyosarcoma-like 1)	FOXO3 FKHRL1 FOXO3A	Homo sapiens (Human)	673
FOXO4	P98177	FOXO4_HUMAN	reviewed	Forkhead box protein O4 (Fork head domain transcription factor AFX1)	FOXO4 AFX AFX1 MLLT7	Homo sapiens (Human)	505
FOXP3	Q9BZS1	FOXP3_HUMAN	reviewed	Forkhead box protein P3 (Scurfin) [Cleaved into: Forkhead box protein P3, C-terminally processed; Forkhead box protein P3 41 kDa form]	FOXP3 IPEX JM2	Homo sapiens (Human)	431
FUS	P35637	FUS_HUMAN	reviewed	RNA-binding protein FUS (75 kDa DNA-pairing protein) (Oncogene FUS) (Oncogene TLS) (POMp75) (Translocated in liposarcoma protein)	FUS TLS	Homo sapiens (Human)	526
GABPB2	Q06547	GABP1_HUMAN	reviewed	GA-binding protein subunit beta-1 (GABP subunit beta-1) (GABPB-1) (GABP subunit beta-2) (GABPB-2) (Nuclear respiratory factor 2) (Transcription factor E4TF1-47) (Transcription factor E4TF1-53)	GABPB1 E4TF1B GABPB GABPB2	Homo sapiens (Human)	395
GABPB2	Q8TAK5	GABP2_HUMAN	reviewed	GA-binding protein subunit beta-2 (GABP subunit beta-2) (GABPB-2)	GABPB2	Homo sapiens (Human)	448
GATA4	P43694	GATA4_HUMAN	reviewed	Transcription factor GATA-4 (GATA-binding factor 4)	GATA4	Homo sapiens (Human)	442
GFI1	Q99684	GFI1_HUMAN	reviewed	Zinc finger protein Gfi-1 (Growth factor independent protein 1) (Zinc finger protein 163)	GFI1 ZNF163	Homo sapiens (Human)	422
GLI3	P10071	GLI3_HUMAN	reviewed	Transcriptional activator GLI3 (GLI3 form of 190 kDa) (GLI3-190) (GLI3 full-length protein) (GLI3FL) [Cleaved into: Transcriptional repressor GLI3R (GLI3 C-terminally truncated form) (GLI3 form of 83 kDa) (GLI3-83)]	GLI3	Homo sapiens (Human)	1580
GTF2A1	P52655	TF2AA_HUMAN	reviewed	Transcription initiation factor IIA subunit 1 (General transcription factor IIA subunit 1) (TFIIAL) (Transcription initiation factor TFIIA 42 kDa subunit) (TFIIA-42) [Cleaved into: Transcription initiation factor IIA alpha chain (TFIIA p35 subunit); Transcription initiation factor IIA beta chain (TFIIA p19 subunit)]	GTF2A1 TF2A1	Homo sapiens (Human)	376
GTF2B	Q00403	TF2B_HUMAN	reviewed	Transcription initiation factor IIB (EC 2.3.1.48) (General transcription factor TFIIB) (S300-II)	GTF2B TF2B TFIIB	Homo sapiens (Human)	316
GTF2I	P78347	GTF2I_HUMAN	reviewed	General transcription factor II-I (GTFII-I) (TFII-I) (Bruton tyrosine kinase-associated protein 135) (BAP-135) (BTK-associated protein 135) (SRF-Phox1-interacting protein) (SPIN) (Williams-Beuren syndrome chromosomal region 6 protein)	GTF2I BAP135 WBSCR6	Homo sapiens (Human)	998
GTF3A	Q92664	TF3A_HUMAN	reviewed	Transcription factor IIIA (TFIIIA)	GTF3A	Homo sapiens (Human)	365
HCFC1	P51610	HCFC1_HUMAN	reviewed	Host cell factor 1 (HCF) (HCF-1) (C1 factor) (CFF) (VCAF) (VP16 accessory protein) [Cleaved into: HCF N-terminal chain 1; HCF N-terminal chain 2; HCF N-terminal chain 3; HCF N-terminal chain 4; HCF N-terminal chain 5; HCF N-terminal chain 6; HCF C-terminal chain 1; HCF C-terminal chain 2; HCF C-terminal chain 3; HCF C-terminal chain 4; HCF C-terminal chain 5; HCF C-terminal chain 6]	HCFC1 HCF1 HFC1	Homo sapiens (Human)	2035
HDAC1	Q13547	HDAC1_HUMAN	reviewed	Histone deacetylase 1 (HD1) (EC 3.5.1.98)	HDAC1 RPD3L1	Homo sapiens (Human)	482
HDAC10	Q969S8	HDA10_HUMAN	reviewed	Polyamine deacetylase HDAC10 (EC 3.5.1.48) (EC 3.5.1.62) (Histone deacetylase 10) (HD10)	HDAC10	Homo sapiens (Human)	669
HDAC2	Q92769	HDAC2_HUMAN	reviewed	Histone deacetylase 2 (HD2) (EC 3.5.1.98)	HDAC2	Homo sapiens (Human)	488
HDAC3	O15379	HDAC3_HUMAN	reviewed	Histone deacetylase 3 (HD3) (EC 3.5.1.98) (RPD3-2) (SMAP45)	HDAC3	Homo sapiens (Human)	428
HDAC4	P56524	HDAC4_HUMAN	reviewed	Histone deacetylase 4 (HD4) (EC 3.5.1.98)	HDAC4 KIAA0288	Homo sapiens (Human)	1084
HDAC5	Q9UQL6	HDAC5_HUMAN	reviewed	Histone deacetylase 5 (HD5) (EC 3.5.1.98) (Antigen NY-CO-9)	HDAC5 KIAA0600	Homo sapiens (Human)	1122
HDAC7	Q8WUI4	HDAC7_HUMAN	reviewed	Histone deacetylase 7 (HD7) (EC 3.5.1.98) (Histone deacetylase 7A) (HD7a)	HDAC7 HDAC7A	Homo sapiens (Human)	952
HDAC7	Q9UKV0	HDAC9_HUMAN	reviewed	Histone deacetylase 9 (HD9) (EC 3.5.1.98) (Histone deacetylase 7B) (HD7) (HD7b) (Histone deacetylase-related protein) (MEF2-interacting transcription repressor MITR)	HDAC9 HDAC7 HDAC7B HDRP KIAA0744 MITR	Homo sapiens (Human)	1011
HDGF	P51858	HDGF_HUMAN	reviewed	Hepatoma-derived growth factor (HDGF) (High mobility group protein 1-like 2) (HMG-1L2)	HDGF HMG1L2	Homo sapiens (Human)	240
HES1	A0A0B4J2D5	GAL3B_HUMAN	reviewed	Glutamine amidotransferase-like class 1 domain-containing protein 3B, mitochondrial (Keio novel protein-I) (KNP-I) (Protein GT335) (Protein HES1)	GATD3B HES1 KNPI	Homo sapiens (Human)	268
HES1	Q14469	HES1_HUMAN	reviewed	Transcription factor HES-1 (Class B basic helix-loop-helix protein 39) (bHLHb39) (Hairy and enhancer of split 1) (Hairy homolog) (Hairy-like protein) (hHL)	HES1 BHLHB39 HL HRY	Homo sapiens (Human)	280
HEXIM1	O94992	HEXI1_HUMAN	reviewed	Protein HEXIM1 (Cardiac lineage protein 1) (Estrogen down-regulated gene 1 protein) (Hexamethylene bis-acetamide-inducible protein 1) (Menage a quatre protein 1)	HEXIM1 CLP1 EDG1 HIS1 MAQ1	Homo sapiens (Human)	359
HEY2	Q9UBP5	HEY2_HUMAN	reviewed	Hairy/enhancer-of-split related with YRPW motif protein 2 (Cardiovascular helix-loop-helix factor 1) (hCHF1) (Class B basic helix-loop-helix protein 32) (bHLHb32) (HES-related repressor protein 2) (Hairy and enhancer of split-related protein 2) (HESR-2) (Hairy-related transcription factor 2) (HRT-2) (hHRT2) (Protein gridlock homolog)	HEY2 BHLHB32 CHF1 GRL HERP HERP1 HRT2	Homo sapiens (Human)	337
HIC1	Q14526	HIC1_HUMAN	reviewed	Hypermethylated in cancer 1 protein (Hic-1) (Zinc finger and BTB domain-containing protein 29)	HIC1 ZBTB29	Homo sapiens (Human)	733
HIF1A	Q16665	HIF1A_HUMAN	reviewed	Hypoxia-inducible factor 1-alpha (HIF-1-alpha) (HIF1-alpha) (ARNT-interacting protein) (Basic-helix-loop-helix-PAS protein MOP1) (Class E basic helix-loop-helix protein 78) (bHLHe78) (Member of PAS protein 1) (PAS domain-containing protein 8)	HIF1A BHLHE78 MOP1 PASD8	Homo sapiens (Human)	826
HIPK2	Q9H2X6	HIPK2_HUMAN	reviewed	Homeodomain-interacting protein kinase 2 (hHIPk2) (EC 2.7.11.1)	HIPK2	Homo sapiens (Human)	1198
HLF	Q16534	HLF_HUMAN	reviewed	Hepatic leukemia factor	HLF	Homo sapiens (Human)	295
HMG20B	Q9P0W2	HM20B_HUMAN	reviewed	SWI/SNF-related matrix-associated actin-dependent regulator of chromatin subfamily E member 1-related (SMARCE1-related protein) (BRCA2-associated factor 35) (HMG box-containing protein 20B) (HMG domain-containing protein 2) (HMG domain-containing protein HMGX2) (Sox-like transcriptional factor) (Structural DNA-binding protein BRAF35)	HMG20B BRAF35 HMGX2 HMGXB2 SMARCE1R	Homo sapiens (Human)	317
HNRNPD	Q14103	HNRPD_HUMAN	reviewed	Heterogeneous nuclear ribonucleoprotein D0 (hnRNP D0) (AU-rich element RNA-binding protein 1)	HNRNPD AUF1 HNRPD	Homo sapiens (Human)	355
HNRNPR	O43390	HNRPR_HUMAN	reviewed	Heterogeneous nuclear ribonucleoprotein R (hnRNP R)	HNRNPR HNRPR	Homo sapiens (Human)	633
HSF1	Q00613	HSF1_HUMAN	reviewed	Heat shock factor protein 1 (HSF 1) (Heat shock transcription factor 1) (HSTF 1)	HSF1 HSTF1	Homo sapiens (Human)	529
HSF2	Q03933	HSF2_HUMAN	reviewed	Heat shock factor protein 2 (HSF 2) (Heat shock transcription factor 2) (HSTF 2)	HSF2 HSTF2	Homo sapiens (Human)	536
IKBKB	O14920	IKKB_HUMAN	reviewed	Inhibitor of nuclear factor kappa-B kinase subunit beta (I-kappa-B-kinase beta) (IKK-B) (IKK-beta) (IkBKB) (EC 2.7.11.10) (I-kappa-B kinase 2) (IKK2) (Nuclear factor NF-kappa-B inhibitor kinase beta) (NFKBIKB) (Serine/threonine protein kinase IKBKB) (EC 2.7.11.1)	IKBKB IKKB	Homo sapiens (Human)	756
ILF2	Q12905	ILF2_HUMAN	reviewed	Interleukin enhancer-binding factor 2 (Nuclear factor of activated T-cells 45 kDa)	ILF2 NF45 PRO3063	Homo sapiens (Human)	390
ILF3	Q12906	ILF3_HUMAN	reviewed	Interleukin enhancer-binding factor 3 (Double-stranded RNA-binding protein 76) (DRBP76) (M-phase phosphoprotein 4) (MPP4) (Nuclear factor associated with dsRNA) (NFAR) (Nuclear factor of activated T-cells 90 kDa) (NF-AT-90) (Translational control protein 80) (TCP80)	ILF3 DRBF MPHOSPH4 NF90	Homo sapiens (Human)	894
ING1	Q9UK53	ING1_HUMAN	reviewed	Inhibitor of growth protein 1	ING1	Homo sapiens (Human)	422
ING2	Q9H160	ING2_HUMAN	reviewed	Inhibitor of growth protein 2 (Inhibitor of growth 1-like protein) (ING1Lp) (p32) (p33ING2)	ING2 ING1L	Homo sapiens (Human)	280
IRF9	Q00978	IRF9_HUMAN	reviewed	Interferon regulatory factor 9 (IRF-9) (IFN-alpha-responsive transcription factor subunit) (ISGF3 p48 subunit) (Interferon-stimulated gene factor 3 gamma) (ISGF-3 gamma) (Transcriptional regulator ISGF3 subunit gamma)	IRF9 ISGF3G	Homo sapiens (Human)	393
JUN	P05412	JUN_HUMAN	reviewed	Transcription factor AP-1 (Activator protein 1) (AP1) (Proto-oncogene c-Jun) (V-jun avian sarcoma virus 17 oncogene homolog) (p39)	JUN	Homo sapiens (Human)	331
JUND	P17535	JUND_HUMAN	reviewed	Transcription factor jun-D	JUND	Homo sapiens (Human)	347
KAT2B	Q92831	KAT2B_HUMAN	reviewed	Histone acetyltransferase KAT2B (EC 2.3.1.48) (Histone acetyltransferase PCAF) (Histone acetylase PCAF) (Lysine acetyltransferase 2B) (P300/CBP-associated factor) (P/CAF) (Spermidine acetyltransferase KAT2B) (EC 2.3.1.57)	KAT2B PCAF	Homo sapiens (Human)	832
KAT5	Q92993	KAT5_HUMAN	reviewed	Histone acetyltransferase KAT5 (EC 2.3.1.48) (60 kDa Tat-interactive protein) (Tip60) (Histone acetyltransferase HTATIP) (HIV-1 Tat interactive protein) (Lysine acetyltransferase 5) (cPLA(2)-interacting protein)	KAT5 HTATIP TIP60	Homo sapiens (Human)	513
LCOR	Q96JN0	LCOR_HUMAN	reviewed	Ligand-dependent corepressor (LCoR) (Mblk1-related protein 2)	LCOR C10orf12 KIAA1795 MLR2	Homo sapiens (Human)	433
LDB1	Q86U70	LDB1_HUMAN	reviewed	LIM domain-binding protein 1 (LDB-1) (Carboxyl-terminal LIM domain-binding protein 2) (CLIM-2) (LIM domain-binding factor CLIM2) (hLdb1) (Nuclear LIM interactor)	LDB1 CLIM2	Homo sapiens (Human)	411
LEF1	Q9UJU2	LEF1_HUMAN	reviewed	Lymphoid enhancer-binding factor 1 (LEF-1) (T cell-specific transcription factor 1-alpha) (TCF1-alpha)	LEF1	Homo sapiens (Human)	399
LMO2	P25791	RBTN2_HUMAN	reviewed	Rhombotin-2 (Cysteine-rich protein TTG-2) (LIM domain only protein 2) (LMO-2) (T-cell translocation protein 2)	LMO2 RBTN2 RBTNL1 RHOM2 TTG2	Homo sapiens (Human)	158
LMO4	P61968	LMO4_HUMAN	reviewed	LIM domain transcription factor LMO4 (Breast tumor autoantigen) (LIM domain only protein 4) (LMO-4)	LMO4	Homo sapiens (Human)	165
MAML1	Q92585	MAML1_HUMAN	reviewed	Mastermind-like protein 1 (Mam-1)	MAML1 KIAA0200	Homo sapiens (Human)	1016
MAX	P61244	MAX_HUMAN	reviewed	Protein max (Class D basic helix-loop-helix protein 4) (bHLHd4) (Myc-associated factor X)	MAX BHLHD4	Homo sapiens (Human)	160
MAZ	P56270	MAZ_HUMAN	reviewed	Myc-associated zinc finger protein (MAZI) (Pur-1) (Purine-binding transcription factor) (Serum amyloid A-activating factor-1) (SAF-1) (Transcription factor Zif87) (ZF87) (Zinc finger protein 801)	MAZ ZNF801	Homo sapiens (Human)	477
MBD2	Q9UBB5	MBD2_HUMAN	reviewed	Methyl-CpG-binding domain protein 2 (Demethylase) (DMTase) (Methyl-CpG-binding protein MBD2)	MBD2	Homo sapiens (Human)	411
MDM2	Q00987	MDM2_HUMAN	reviewed	E3 ubiquitin-protein ligase Mdm2 (EC 2.3.2.27) (Double minute 2 protein) (Hdm2) (Oncoprotein Mdm2) (RING-type E3 ubiquitin transferase Mdm2) (p53-binding protein Mdm2)	MDM2	Homo sapiens (Human)	491
MDM4	O15151	MDM4_HUMAN	reviewed	Protein Mdm4 (Double minute 4 protein) (Mdm2-like p53-binding protein) (Protein Mdmx) (p53-binding protein Mdm4)	MDM4 MDMX	Homo sapiens (Human)	490
MECP2	P51608	MECP2_HUMAN	reviewed	Methyl-CpG-binding protein 2 (MeCp-2 protein) (MeCp2)	MECP2	Homo sapiens (Human)	486
MED1	O95243	MBD4_HUMAN	reviewed	Methyl-CpG-binding domain protein 4 (EC 3.2.2.-) (Methyl-CpG-binding endonuclease 1) (Methyl-CpG-binding protein MBD4) (Mismatch-specific DNA N-glycosylase)	MBD4 MED1	Homo sapiens (Human)	580
MED1	Q15648	MED1_HUMAN	reviewed	Mediator of RNA polymerase II transcription subunit 1 (Activator-recruited cofactor 205 kDa component) (ARC205) (Mediator complex subunit 1) (Peroxisome proliferator-activated receptor-binding protein) (PBP) (PPAR-binding protein) (Thyroid hormone receptor-associated protein complex 220 kDa component) (Trap220) (Thyroid receptor-interacting protein 2) (TR-interacting protein 2) (TRIP-2) (Vitamin D receptor-interacting protein complex component DRIP205) (p53 regulatory protein RB18A)	MED1 ARC205 CRSP1 CRSP200 DRIP205 DRIP230 PBP PPARBP PPARGBP RB18A TRAP220 TRIP2	Homo sapiens (Human)	1581
MED15	Q96RN5	MED15_HUMAN	reviewed	Mediator of RNA polymerase II transcription subunit 15 (Activator-recruited cofactor 105 kDa component) (ARC105) (CTG repeat protein 7a) (Mediator complex subunit 15) (Positive cofactor 2 glutamine/Q-rich-associated protein) (PC2 glutamine/Q-rich-associated protein) (TPA-inducible gene 1 protein) (TIG-1) (Trinucleotide repeat-containing gene 7 protein)	MED15 ARC105 CTG7A PCQAP TIG1 TNRC7	Homo sapiens (Human)	788
MED23	Q9ULK4	MED23_HUMAN	reviewed	Mediator of RNA polymerase II transcription subunit 23 (Activator-recruited cofactor 130 kDa component) (ARC130) (Cofactor required for Sp1 transcriptional activation subunit 3) (CRSP complex subunit 3) (Mediator complex subunit 23) (Protein sur-2 homolog) (hSur-2) (Transcriptional coactivator CRSP130) (Vitamin D3 receptor-interacting protein complex 130 kDa component) (DRIP130)	MED23 ARC130 CRSP3 DRIP130 KIAA1216 SUR2	Homo sapiens (Human)	1368
MEN1	O00255	MEN1_HUMAN	reviewed	Menin	MEN1 SCG2	Homo sapiens (Human)	615
MLLT3	P42568	AF9_HUMAN	reviewed	Protein AF-9 (ALL1-fused gene from chromosome 9 protein) (Myeloid/lymphoid or mixed-lineage leukemia translocated to chromosome 3 protein) (YEATS domain-containing protein 3)	MLLT3 AF9 YEATS3	Homo sapiens (Human)	568
MTA1	Q13330	MTA1_HUMAN	reviewed	Metastasis-associated protein MTA1	MTA1	Homo sapiens (Human)	715
MTA2	O94776	MTA2_HUMAN	reviewed	Metastasis-associated protein MTA2 (Metastasis-associated 1-like 1) (MTA1-L1 protein) (p53 target protein in deacetylase complex)	MTA2 MTA1L1 PID	Homo sapiens (Human)	668
MTA3	Q9BTC8	MTA3_HUMAN	reviewed	Metastasis-associated protein MTA3	MTA3 KIAA1266	Homo sapiens (Human)	594
MXD1	Q05195	MAD1_HUMAN	reviewed	Max dimerization protein 1 (Max dimerizer 1) (Protein MAD)	MXD1 MAD	Homo sapiens (Human)	221
MYC	P01106	MYC_HUMAN	reviewed	Myc proto-oncogene protein (Class E basic helix-loop-helix protein 39) (bHLHe39) (Proto-oncogene c-Myc) (Transcription factor p64)	MYC BHLHE39	Homo sapiens (Human)	439
MYOCD	Q8IZQ8	MYCD_HUMAN	reviewed	Myocardin	MYOCD MYCD	Homo sapiens (Human)	938
MYOD1	P15172	MYOD1_HUMAN	reviewed	Myoblast determination protein 1 (Class C basic helix-loop-helix protein 1) (bHLHc1) (Myogenic factor 3) (Myf-3)	MYOD1 BHLHC1 MYF3 MYOD	Homo sapiens (Human)	320
NCOA1	Q15788	NCOA1_HUMAN	reviewed	Nuclear receptor coactivator 1 (NCoA-1) (EC 2.3.1.48) (Class E basic helix-loop-helix protein 74) (bHLHe74) (Protein Hin-2) (RIP160) (Renal carcinoma antigen NY-REN-52) (Steroid receptor coactivator 1) (SRC-1)	NCOA1 BHLHE74 SRC1	Homo sapiens (Human)	1441
NCOA2	Q15596	NCOA2_HUMAN	reviewed	Nuclear receptor coactivator 2 (NCoA-2) (Class E basic helix-loop-helix protein 75) (bHLHe75) (Transcriptional intermediary factor 2) (hTIF2)	NCOA2 BHLHE75 SRC2 TIF2	Homo sapiens (Human)	1464
NCOA3	Q9Y6Q9	NCOA3_HUMAN	reviewed	Nuclear receptor coactivator 3 (NCoA-3) (EC 2.3.1.48) (ACTR) (Amplified in breast cancer 1 protein) (AIB-1) (CBP-interacting protein) (pCIP) (Class E basic helix-loop-helix protein 42) (bHLHe42) (Receptor-associated coactivator 3) (RAC-3) (Steroid receptor coactivator protein 3) (SRC-3) (Thyroid hormone receptor activator molecule 1) (TRAM-1)	NCOA3 AIB1 BHLHE42 RAC3 TRAM1	Homo sapiens (Human)	1424
NCOA6	Q14686	NCOA6_HUMAN	reviewed	Nuclear receptor coactivator 6 (Activating signal cointegrator 2) (ASC-2) (Amplified in breast cancer protein 3) (Cancer-amplified transcriptional coactivator ASC-2) (Nuclear receptor coactivator RAP250) (NRC RAP250) (Nuclear receptor-activating protein, 250 kDa) (Peroxisome proliferator-activated receptor-interacting protein) (PPAR-interacting protein) (PRIP) (Thyroid hormone receptor-binding protein)	NCOA6 AIB3 KIAA0181 RAP250 TRBP	Homo sapiens (Human)	2063
NCOR1	O75376	NCOR1_HUMAN	reviewed	Nuclear receptor corepressor 1 (N-CoR) (N-CoR1)	NCOR1 KIAA1047	Homo sapiens (Human)	2440
NCOR2	Q9Y618	NCOR2_HUMAN	reviewed	Nuclear receptor corepressor 2 (N-CoR2) (CTG repeat protein 26) (SMAP270) (Silencing mediator of retinoic acid and thyroid hormone receptor) (SMRT) (T3 receptor-associating factor) (TRAC) (Thyroid-, retinoic-acid-receptor-associated corepressor)	NCOR2 CTG26	Homo sapiens (Human)	2514
NFAT5	O94916	NFAT5_HUMAN	reviewed	Nuclear factor of activated T-cells 5 (NF-AT5) (T-cell transcription factor NFAT5) (Tonicity-responsive enhancer-binding protein) (TonE-binding protein) (TonEBP)	NFAT5 KIAA0827 TONEBP	Homo sapiens (Human)	1531
NFATC2	Q13469	NFAC2_HUMAN	reviewed	Nuclear factor of activated T-cells, cytoplasmic 2 (NF-ATc2) (NFATc2) (NFAT pre-existing subunit) (NF-ATp) (T-cell transcription factor NFAT1)	NFATC2 NFAT1 NFATP	Homo sapiens (Human)	925
NFE2L1	Q14494	NF2L1_HUMAN	reviewed	Endoplasmic reticulum membrane sensor NFE2L1 (Locus control region-factor 1) (LCR-F1) (Nuclear factor erythroid 2-related factor 1) (NF-E2-related factor 1) (NFE2-related factor 1) (Nuclear factor, erythroid derived 2, like 1) (Protein NRF1, p120 form) (Transcription factor 11) (TCF-11) [Cleaved into: Transcription factor NRF1 (Protein NRF1, p110 form)]	NFE2L1 HBZ17 NRF1 TCF11	Homo sapiens (Human)	772
NFKB1	P19838	NFKB1_HUMAN	reviewed	Nuclear factor NF-kappa-B p105 subunit (DNA-binding factor KBF1) (EBP-1) (Nuclear factor of kappa light polypeptide gene enhancer in B-cells 1) [Cleaved into: Nuclear factor NF-kappa-B p50 subunit]	NFKB1	Homo sapiens (Human)	968
NFKB2	Q00653	NFKB2_HUMAN	reviewed	Nuclear factor NF-kappa-B p100 subunit (DNA-binding factor KBF2) (H2TF1) (Lymphocyte translocation chromosome 10 protein) (Nuclear factor of kappa light polypeptide gene enhancer in B-cells 2) (Oncogene Lyt-10) (Lyt10) [Cleaved into: Nuclear factor NF-kappa-B p52 subunit]	NFKB2 LYT10	Homo sapiens (Human)	900
NFKBIA	P25963	IKBA_HUMAN	reviewed	NF-kappa-B inhibitor alpha (I-kappa-B-alpha) (IkB-alpha) (IkappaBalpha) (Major histocompatibility complex enhancer-binding protein MAD3)	NFKBIA IKBA MAD3 NFKBI	Homo sapiens (Human)	317
NFKBIB	Q15653	IKBB_HUMAN	reviewed	NF-kappa-B inhibitor beta (NF-kappa-BIB) (I-kappa-B-beta) (IkB-B) (IkB-beta) (IkappaBbeta) (Thyroid receptor-interacting protein 9) (TR-interacting protein 9) (TRIP-9)	NFKBIB IKBB TRIP9	Homo sapiens (Human)	356
NFYA	P23511	NFYA_HUMAN	reviewed	Nuclear transcription factor Y subunit alpha (CAAT box DNA-binding protein subunit A) (Nuclear transcription factor Y subunit A) (NF-YA)	NFYA	Homo sapiens (Human)	347
NFYB	P25208	NFYB_HUMAN	reviewed	Nuclear transcription factor Y subunit beta (CAAT box DNA-binding protein subunit B) (Nuclear transcription factor Y subunit B) (NF-YB)	NFYB HAP3	Homo sapiens (Human)	207
NFYC	Q13952	NFYC_HUMAN	reviewed	Nuclear transcription factor Y subunit gamma (CAAT box DNA-binding protein subunit C) (Nuclear transcription factor Y subunit C) (NF-YC) (Transactivator HSM-1/2)	NFYC	Homo sapiens (Human)	458
NHLH2	Q02577	HEN2_HUMAN	reviewed	Helix-loop-helix protein 2 (HEN-2) (Class A basic helix-loop-helix protein 34) (bHLHa34) (Nescient helix loop helix 2) (NSCL-2)	NHLH2 BHLHA34 HEN2 KIAA0490	Homo sapiens (Human)	135
NKX3-1	Q99801	NKX31_HUMAN	reviewed	Homeobox protein Nkx-3.1 (Homeobox protein NK-3 homolog A)	NKX3-1 NKX3.1 NKX3A	Homo sapiens (Human)	234
NONO	Q15233	NONO_HUMAN	reviewed	Non-POU domain-containing octamer-binding protein (NonO protein) (54 kDa nuclear RNA- and DNA-binding protein) (55 kDa nuclear protein) (DNA-binding p52/p100 complex, 52 kDa subunit) (NMT55) (p54(nrb)) (p54nrb)	NONO NRB54	Homo sapiens (Human)	471
NPAS2	Q99743	NPAS2_HUMAN	reviewed	Neuronal PAS domain-containing protein 2 (Neuronal PAS2) (Basic-helix-loop-helix-PAS protein MOP4) (Class E basic helix-loop-helix protein 9) (bHLHe9) (Member of PAS protein 4) (PAS domain-containing protein 4)	NPAS2 BHLHE9 MOP4 PASD4	Homo sapiens (Human)	824
NPM1	P06748	NPM_HUMAN	reviewed	Nucleophosmin (NPM) (Nucleolar phosphoprotein B23) (Nucleolar protein NO38) (Numatrin)	NPM1 NPM	Homo sapiens (Human)	294
NR0B2	Q15466	NR0B2_HUMAN	reviewed	Nuclear receptor subfamily 0 group B member 2 (Orphan nuclear receptor SHP) (Small heterodimer partner)	NR0B2 SHP	Homo sapiens (Human)	257
NR3C1	P04150	GCR_HUMAN	reviewed	Glucocorticoid receptor (GR) (Nuclear receptor subfamily 3 group C member 1)	NR3C1 GRL	Homo sapiens (Human)	777
NR3C2	P08235	MCR_HUMAN	reviewed	Mineralocorticoid receptor (MR) (Nuclear receptor subfamily 3 group C member 2)	NR3C2 MCR MLR	Homo sapiens (Human)	984
NR5A2	O00482	NR5A2_HUMAN	reviewed	Nuclear receptor subfamily 5 group A member 2 (Alpha-1-fetoprotein transcription factor) (B1-binding factor) (hB1F) (CYP7A promoter-binding factor) (Hepatocytic transcription factor) (Liver receptor homolog 1) (LRH-1)	NR5A2 B1F CPF FTF	Homo sapiens (Human)	541
PARP1	P09874	PARP1_HUMAN	reviewed	Poly [ADP-ribose] polymerase 1 (PARP-1) (EC 2.4.2.30) (ADP-ribosyltransferase diphtheria toxin-like 1) (ARTD1) (DNA ADP-ribosyltransferase PARP1) (EC 2.4.2.-) (NAD(+) ADP-ribosyltransferase 1) (ADPRT 1) (Poly[ADP-ribose] synthase 1) (Protein poly-ADP-ribosyltransferase PARP1) (EC 2.4.2.-)	PARP1 ADPRT PPOL	Homo sapiens (Human)	1014
PAX3	P23760	PAX3_HUMAN	reviewed	Paired box protein Pax-3 (HuP2)	PAX3 HUP2	Homo sapiens (Human)	479
PHF10	Q8WUB8	PHF10_HUMAN	reviewed	PHD finger protein 10 (BRG1-associated factor 45a) (BAF45a) (XAP135)	PHF10 BAF45A	Homo sapiens (Human)	498
PIAS3	Q9Y6X2	PIAS3_HUMAN	reviewed	E3 SUMO-protein ligase PIAS3 (EC 2.3.2.-) (E3 SUMO-protein transferase PIAS3) (Protein inhibitor of activated STAT protein 3)	PIAS3	Homo sapiens (Human)	628
PML	P29590	PML_HUMAN	reviewed	Protein PML (E3 SUMO-protein ligase PML) (EC 2.3.2.-) (Promyelocytic leukemia protein) (RING finger protein 71) (RING-type E3 SUMO transferase PML) (Tripartite motif-containing protein 19) (TRIM19)	PML MYL PP8675 RNF71 TRIM19	Homo sapiens (Human)	882
POLR1A	O95602	RPA1_HUMAN	reviewed	DNA-directed RNA polymerase I subunit RPA1 (RNA polymerase I subunit A1) (EC 2.7.7.6) (A190) (DNA-directed RNA polymerase I largest subunit) (DNA-directed RNA polymerase I subunit A) (RNA polymerase I 194 kDa subunit) (RPA194)	POLR1A	Homo sapiens (Human)	1720
POU2AF1	Q16633	OBF1_HUMAN	reviewed	POU domain class 2-associating factor 1 (B-cell-specific coactivator OBF-1) (BOB-1) (OCA-B) (OCT-binding factor 1)	POU2AF1 BOB1 OBF1	Homo sapiens (Human)	256
POU2F1	P14859	PO2F1_HUMAN	reviewed	POU domain, class 2, transcription factor 1 (NF-A1) (Octamer-binding protein 1) (Oct-1) (Octamer-binding transcription factor 1) (OTF-1)	POU2F1 OCT1 OTF1	Homo sapiens (Human)	743
POU2F2	P09086	PO2F2_HUMAN	reviewed	POU domain, class 2, transcription factor 2 (Lymphoid-restricted immunoglobulin octamer-binding protein NF-A2) (Octamer-binding protein 2) (Oct-2) (Octamer-binding transcription factor 2) (OTF-2)	POU2F2 OCT2 OTF2	Homo sapiens (Human)	479
POU5F1	Q01860	PO5F1_HUMAN	reviewed	POU domain, class 5, transcription factor 1 (Octamer-binding protein 3) (Oct-3) (Octamer-binding protein 4) (Oct-4) (Octamer-binding transcription factor 3) (OTF-3)	POU5F1 OCT3 OCT4 OTF3	Homo sapiens (Human)	360
PPARGC1A	Q9UBK2	PRGC1_HUMAN	reviewed	Peroxisome proliferator-activated receptor gamma coactivator 1-alpha (PGC-1-alpha) (PPAR-gamma coactivator 1-alpha) (PPARGC-1-alpha) (Ligand effect modulator 6)	PPARGC1A LEM6 PGC1 PGC1A PPARGC1	Homo sapiens (Human)	798
PTF1A	Q7RTS3	PTF1A_HUMAN	reviewed	Pancreas transcription factor 1 subunit alpha (Class A basic helix-loop-helix protein 29) (bHLHa29) (Pancreas-specific transcription factor 1a) (bHLH transcription factor p48) (p48 DNA-binding subunit of transcription factor PTF1) (PTF1-p48)	PTF1A BHLHA29 PTF1P48	Homo sapiens (Human)	328
RAD51	Q06609	RAD51_HUMAN	reviewed	DNA repair protein RAD51 homolog 1 (HsRAD51) (hRAD51) (RAD51 homolog A)	RAD51 RAD51A RECA	Homo sapiens (Human)	339
RARA	P10276	RARA_HUMAN	reviewed	Retinoic acid receptor alpha (RAR-alpha) (Nuclear receptor subfamily 1 group B member 1)	RARA NR1B1	Homo sapiens (Human)	462
RB1	P06400	RB_HUMAN	reviewed	Retinoblastoma-associated protein (p105-Rb) (p110-RB1) (pRb) (Rb) (pp110)	RB1	Homo sapiens (Human)	928
RBBP7	Q16576	RBBP7_HUMAN	reviewed	Histone-binding protein RBBP7 (Histone acetyltransferase type B subunit 2) (Nucleosome-remodeling factor subunit RBAP46) (Retinoblastoma-binding protein 7) (RBBP-7) (Retinoblastoma-binding protein p46)	RBBP7 RBAP46	Homo sapiens (Human)	425
RBL1	P28749	RBL1_HUMAN	reviewed	Retinoblastoma-like protein 1 (107 kDa retinoblastoma-associated protein) (p107) (pRb1)	RBL1	Homo sapiens (Human)	1068
RBL2	Q08999	RBL2_HUMAN	reviewed	Retinoblastoma-like protein 2 (130 kDa retinoblastoma-associated protein) (p130) (Retinoblastoma-related protein 2) (RBR-2) (pRb2)	RBL2 RB2	Homo sapiens (Human)	1139
RBPJ	Q06330	SUH_HUMAN	reviewed	Recombining binding protein suppressor of hairless (CBF-1) (J kappa-recombination signal-binding protein) (RBP-J kappa) (RBP-J) (RBP-JK) (Renal carcinoma antigen NY-REN-30)	RBPJ IGKJRB IGKJRB1 RBPJK RBPSUH	Homo sapiens (Human)	500
REL	Q04864	REL_HUMAN	reviewed	Proto-oncogene c-Rel	REL	Homo sapiens (Human)	619
RELA	Q04206	TF65_HUMAN	reviewed	Transcription factor p65 (Nuclear factor NF-kappa-B p65 subunit) (Nuclear factor of kappa light polypeptide gene enhancer in B-cells 3)	RELA NFKB3	Homo sapiens (Human)	551
RELB	Q01201	RELB_HUMAN	reviewed	Transcription factor RelB (I-Rel)	RELB	Homo sapiens (Human)	579
REST	Q13127	REST_HUMAN	reviewed	RE1-silencing transcription factor (Neural-restrictive silencer factor) (X2 box repressor)	REST NRSF XBR	Homo sapiens (Human)	1097
RFX5	P48382	RFX5_HUMAN	reviewed	DNA-binding protein RFX5 (Regulatory factor X 5)	RFX5	Homo sapiens (Human)	616
RFXANK	O14593	RFXK_HUMAN	reviewed	DNA-binding protein RFXANK (Ankyrin repeat family A protein 1) (Regulatory factor X subunit B) (RFX-B) (Regulatory factor X-associated ankyrin-containing protein)	RFXANK ANKRA1 RFXB	Homo sapiens (Human)	260
RFXAP	O00287	RFXAP_HUMAN	reviewed	Regulatory factor X-associated protein (RFX-associated protein) (RFX DNA-binding complex 36 kDa subunit)	RFXAP	Homo sapiens (Human)	272
RREB1	Q92766	RREB1_HUMAN	reviewed	Ras-responsive element-binding protein 1 (RREB-1) (Finger protein in nuclear bodies) (Raf-responsive zinc finger protein LZ321) (Zinc finger motif enhancer-binding protein 1) (Zep-1)	RREB1 FINB	Homo sapiens (Human)	1687
RUNX1	Q01196	RUNX1_HUMAN	reviewed	Runt-related transcription factor 1 (Acute myeloid leukemia 1 protein) (Core-binding factor subunit alpha-2) (CBF-alpha-2) (Oncogene AML-1) (Polyomavirus enhancer-binding protein 2 alpha B subunit) (PEA2-alpha B) (PEBP2-alpha B) (SL3-3 enhancer factor 1 alpha B subunit) (SL3/AKV core-binding factor alpha B subunit)	RUNX1 AML1 CBFA2	Homo sapiens (Human)	453
RUNX2	Q13950	RUNX2_HUMAN	reviewed	Runt-related transcription factor 2 (Acute myeloid leukemia 3 protein) (Core-binding factor subunit alpha-1) (CBF-alpha-1) (Oncogene AML-3) (Osteoblast-specific transcription factor 2) (OSF-2) (Polyomavirus enhancer-binding protein 2 alpha A subunit) (PEA2-alpha A) (PEBP2-alpha A) (SL3-3 enhancer factor 1 alpha A subunit) (SL3/AKV core-binding factor alpha A subunit)	RUNX2 AML3 CBFA1 OSF2 PEBP2A	Homo sapiens (Human)	521
RUVBL1	Q9Y265	RUVB1_HUMAN	reviewed	RuvB-like 1 (EC 3.6.4.12) (49 kDa TATA box-binding protein-interacting protein) (49 kDa TBP-interacting protein) (54 kDa erythrocyte cytosolic protein) (ECP-54) (INO80 complex subunit H) (Nuclear matrix protein 238) (NMP 238) (Pontin 52) (TIP49a) (TIP60-associated protein 54-alpha) (TAP54-alpha)	RUVBL1 INO80H NMP238 TIP49 TIP49A	Homo sapiens (Human)	456
RXRA	P19793	RXRA_HUMAN	reviewed	Retinoic acid receptor RXR-alpha (Nuclear receptor subfamily 2 group B member 1) (Retinoid X receptor alpha)	RXRA NR2B1	Homo sapiens (Human)	462
SFPQ	P23246	SFPQ_HUMAN	reviewed	Splicing factor, proline- and glutamine-rich (100 kDa DNA-pairing protein) (hPOMp100) (DNA-binding p52/p100 complex, 100 kDa subunit) (Polypyrimidine tract-binding protein-associated-splicing factor) (PSF) (PTB-associated-splicing factor)	SFPQ PSF	Homo sapiens (Human)	707
SIN3A	Q96ST3	SIN3A_HUMAN	reviewed	Paired amphipathic helix protein Sin3a (Histone deacetylase complex subunit Sin3a) (Transcriptional corepressor Sin3a)	SIN3A	Homo sapiens (Human)	1273
SIRT1	Q96EB6	SIR1_HUMAN	reviewed	NAD-dependent protein deacetylase sirtuin-1 (hSIRT1) (EC 2.3.1.286) (NAD-dependent protein deacylase sirtuin-1) (EC 2.3.1.-) (Regulatory protein SIR2 homolog 1) (SIR2-like protein 1) (hSIR2) [Cleaved into: SirtT1 75 kDa fragment (75SirT1)]	SIRT1 SIR2L1	Homo sapiens (Human)	747
SKI	P12755	SKI_HUMAN	reviewed	Ski oncogene (Proto-oncogene c-Ski)	SKI	Homo sapiens (Human)	728
SKIL	P12757	SKIL_HUMAN	reviewed	Ski-like protein (Ski-related oncogene) (Ski-related protein)	SKIL SNO	Homo sapiens (Human)	684
SMAD1	Q15797	SMAD1_HUMAN	reviewed	Mothers against decapentaplegic homolog 1 (MAD homolog 1) (Mothers against DPP homolog 1) (JV4-1) (Mad-related protein 1) (SMAD family member 1) (SMAD 1) (Smad1) (hSMAD1) (Transforming growth factor-beta-signaling protein 1) (BSP-1)	SMAD1 BSP1 MADH1 MADR1	Homo sapiens (Human)	465
SMAD2	Q15796	SMAD2_HUMAN	reviewed	Mothers against decapentaplegic homolog 2 (MAD homolog 2) (Mothers against DPP homolog 2) (JV18-1) (Mad-related protein 2) (hMAD-2) (SMAD family member 2) (SMAD 2) (Smad2) (hSMAD2)	SMAD2 MADH2 MADR2	Homo sapiens (Human)	467
SMAD3	P84022	SMAD3_HUMAN	reviewed	Mothers against decapentaplegic homolog 3 (MAD homolog 3) (Mad3) (Mothers against DPP homolog 3) (hMAD-3) (JV15-2) (SMAD family member 3) (SMAD 3) (Smad3) (hSMAD3)	SMAD3 MADH3	Homo sapiens (Human)	425
SMAD4	Q13485	SMAD4_HUMAN	reviewed	Mothers against decapentaplegic homolog 4 (MAD homolog 4) (Mothers against DPP homolog 4) (Deletion target in pancreatic carcinoma 4) (SMAD family member 4) (SMAD 4) (Smad4) (hSMAD4)	SMAD4 DPC4 MADH4	Homo sapiens (Human)	552
SMAD7	O15105	SMAD7_HUMAN	reviewed	Mothers against decapentaplegic homolog 7 (MAD homolog 7) (Mothers against DPP homolog 7) (Mothers against decapentaplegic homolog 8) (MAD homolog 8) (Mothers against DPP homolog 8) (SMAD family member 7) (SMAD 7) (Smad7) (hSMAD7)	SMAD7 MADH7 MADH8	Homo sapiens (Human)	426
SMARCA1	P28370	SMCA1_HUMAN	reviewed	Probable global transcription activator SNF2L1 (EC 3.6.4.-) (ATP-dependent helicase SMARCA1) (Nucleosome-remodeling factor subunit SNF2L) (SWI/SNF-related matrix-associated actin-dependent regulator of chromatin subfamily A member 1)	SMARCA1 SNF2L SNF2L1	Homo sapiens (Human)	1054
SMARCA4	P51532	SMCA4_HUMAN	reviewed	Transcription activator BRG1 (EC 3.6.4.-) (ATP-dependent helicase SMARCA4) (BRG1-associated factor 190A) (BAF190A) (Mitotic growth and transcription activator) (Protein BRG-1) (Protein brahma homolog 1) (SNF2-beta) (SWI/SNF-related matrix-associated actin-dependent regulator of chromatin subfamily A member 4)	SMARCA4 BAF190A BRG1 SNF2B SNF2L4	Homo sapiens (Human)	1647
SMARCB1	Q12824	SNF5_HUMAN	reviewed	SWI/SNF-related matrix-associated actin-dependent regulator of chromatin subfamily B member 1 (BRG1-associated factor 47) (BAF47) (Integrase interactor 1 protein) (SNF5 homolog) (hSNF5)	SMARCB1 BAF47 INI1 SNF5L1	Homo sapiens (Human)	385
SMURF2	Q9HAU4	SMUF2_HUMAN	reviewed	E3 ubiquitin-protein ligase SMURF2 (hSMURF2) (EC 2.3.2.26) (HECT-type E3 ubiquitin transferase SMURF2) (SMAD ubiquitination regulatory factor 2) (SMAD-specific E3 ubiquitin-protein ligase 2)	SMURF2	Homo sapiens (Human)	748
SND1	Q7KZF4	SND1_HUMAN	reviewed	Staphylococcal nuclease domain-containing protein 1 (EC 3.1.31.1) (100 kDa coactivator) (EBNA2 coactivator p100) (Tudor domain-containing protein 11) (p100 co-activator)	SND1 TDRD11	Homo sapiens (Human)	910
SNW1	Q13573	SNW1_HUMAN	reviewed	SNW domain-containing protein 1 (Nuclear protein SkiP) (Nuclear receptor coactivator NCoA-62) (Ski-interacting protein)	SNW1 SKIIP SKIP	Homo sapiens (Human)	536
SOX2	P48431	SOX2_HUMAN	reviewed	Transcription factor SOX-2	SOX2	Homo sapiens (Human)	317
SOX4	Q06945	SOX4_HUMAN	reviewed	Transcription factor SOX-4	SOX4	Homo sapiens (Human)	474
SP1	P08047	SP1_HUMAN	reviewed	Transcription factor Sp1	SP1 TSFP1	Homo sapiens (Human)	785
SP1	Q8N907	DAND5_HUMAN	reviewed	DAN domain family member 5 (Cerberus-like protein 2) (Cerl-2) (Cysteine knot superfamily 1, BMP antagonist 3) (Gremlin-3)	DAND5 CER2 CKTSF1B3 GREM3 SP1	Homo sapiens (Human)	189
SPEN	Q96T58	MINT_HUMAN	reviewed	Msx2-interacting protein (SMART/HDAC1-associated repressor protein) (SPEN homolog)	SPEN KIAA0929 MINT SHARP	Homo sapiens (Human)	3664
SPI1	P17947	SPI1_HUMAN	reviewed	Transcription factor PU.1 (31 kDa-transforming protein)	SPI1	Homo sapiens (Human)	270
SRCAP	Q6ZRS2	SRCAP_HUMAN	reviewed	Helicase SRCAP (EC 3.6.4.-) (Domino homolog 2) (Snf2-related CBP activator)	SRCAP KIAA0309	Homo sapiens (Human)	3230
SRF	P11831	SRF_HUMAN	reviewed	Serum response factor (SRF)	SRF	Homo sapiens (Human)	508
STAT1	P42224	STAT1_HUMAN	reviewed	Signal transducer and activator of transcription 1-alpha/beta (Transcription factor ISGF-3 components p91/p84)	STAT1	Homo sapiens (Human)	750
STAT2	P52630	STAT2_HUMAN	reviewed	Signal transducer and activator of transcription 2 (p113)	STAT2	Homo sapiens (Human)	851
STAT3	P40763	STAT3_HUMAN	reviewed	Signal transducer and activator of transcription 3 (Acute-phase response factor)	STAT3 APRF	Homo sapiens (Human)	770
STAT5A	P42229	STA5A_HUMAN	reviewed	Signal transducer and activator of transcription 5A	STAT5A STAT5	Homo sapiens (Human)	794
STAT5B	P51692	STA5B_HUMAN	reviewed	Signal transducer and activator of transcription 5B	STAT5B	Homo sapiens (Human)	787
STAT6	P42226	STAT6_HUMAN	reviewed	Signal transducer and activator of transcription 6 (IL-4 Stat)	STAT6	Homo sapiens (Human)	847
SUPT3H	O75486	SUPT3_HUMAN	reviewed	Transcription initiation protein SPT3 homolog (SPT3-like protein)	SUPT3H SPT3	Homo sapiens (Human)	317
SUZ12	Q15022	SUZ12_HUMAN	reviewed	Polycomb protein SUZ12 (Chromatin precipitated E2F target 9 protein) (ChET 9 protein) (Joined to JAZF1 protein) (Suppressor of zeste 12 protein homolog)	SUZ12 CHET9 JJAZ1 KIAA0160	Homo sapiens (Human)	739
TAF1	P21675	TAF1_HUMAN	reviewed	Transcription initiation factor TFIID subunit 1 (EC 2.3.1.48) (EC 2.7.11.1) (Cell cycle gene 1 protein) (TBP-associated factor 250 kDa) (p250) (Transcription initiation factor TFIID 250 kDa subunit) (TAF(II)250) (TAFII-250) (TAFII250)	TAF1 BA2R CCG1 CCGS TAF2A	Homo sapiens (Human)	1872
TAF4	O00268	TAF4_HUMAN	reviewed	Transcription initiation factor TFIID subunit 4 (RNA polymerase II TBP-associated factor subunit C) (TBP-associated factor 4) (Transcription initiation factor TFIID 130 kDa subunit) (TAF(II)130) (TAFII-130) (TAFII130) (Transcription initiation factor TFIID 135 kDa subunit) (TAF(II)135) (TAFII-135) (TAFII135)	TAF4 TAF2C TAF2C1 TAF4A TAFII130 TAFII135	Homo sapiens (Human)	1085
TAF5	Q15542	TAF5_HUMAN	reviewed	Transcription initiation factor TFIID subunit 5 (Transcription initiation factor TFIID 100 kDa subunit) (TAF(II)100) (TAFII-100) (TAFII100)	TAF5 TAF2D	Homo sapiens (Human)	800
TAL1	P17542	TAL1_HUMAN	reviewed	T-cell acute lymphocytic leukemia protein 1 (TAL-1) (Class A basic helix-loop-helix protein 17) (bHLHa17) (Stem cell protein) (T-cell leukemia/lymphoma protein 5)	TAL1 BHLHA17 SCL TCL5	Homo sapiens (Human)	331
TBL1X	O60907	TBL1X_HUMAN	reviewed	F-box-like/WD repeat-containing protein TBL1X (SMAP55) (Transducin beta-like protein 1X) (Transducin-beta-like protein 1, X-linked)	TBL1X TBL1	Homo sapiens (Human)	577
TBP	P20226	TBP_HUMAN	reviewed	TATA-box-binding protein (TATA sequence-binding protein) (TATA-binding factor) (TATA-box factor) (Transcription initiation factor TFIID TBP subunit)	TBP GTF2D1 TF2D TFIID	Homo sapiens (Human)	339
TBX20	Q9UMR3	TBX20_HUMAN	reviewed	T-box transcription factor TBX20 (T-box protein 20)	TBX20	Homo sapiens (Human)	447
TBX5	Q99593	TBX5_HUMAN	reviewed	T-box transcription factor TBX5 (T-box protein 5)	TBX5	Homo sapiens (Human)	518
TCF12	Q99081	HTF4_HUMAN	reviewed	Transcription factor 12 (TCF-12) (Class B basic helix-loop-helix protein 20) (bHLHb20) (DNA-binding protein HTF4) (E-box-binding protein) (Transcription factor HTF-4)	TCF12 BHLHB20 HEB HTF4	Homo sapiens (Human)	682
TCF3	P15923	TFE2_HUMAN	reviewed	Transcription factor E2-alpha (Class B basic helix-loop-helix protein 21) (bHLHb21) (Immunoglobulin enhancer-binding factor E12/E47) (Immunoglobulin transcription factor 1) (Kappa-E2-binding factor) (Transcription factor 3) (TCF-3) (Transcription factor ITF-1)	TCF3 BHLHB21 E2A ITF1	Homo sapiens (Human)	654
TCF3	Q9HCS4	TF7L1_HUMAN	reviewed	Transcription factor 7-like 1 (HMG box transcription factor 3) (TCF-3)	TCF7L1 TCF3	Homo sapiens (Human)	588
TCF4	P15884	ITF2_HUMAN	reviewed	Transcription factor 4 (TCF-4) (Class B basic helix-loop-helix protein 19) (bHLHb19) (Immunoglobulin transcription factor 2) (ITF-2) (SL3-3 enhancer factor 2) (SEF-2)	TCF4 BHLHB19 ITF2 SEF2	Homo sapiens (Human)	667
TCF4,TCF7L2	Q9NQB0	TF7L2_HUMAN	reviewed	Transcription factor 7-like 2 (HMG box transcription factor 4) (T-cell-specific transcription factor 4) (T-cell factor 4) (TCF-4) (hTCF-4)	TCF7L2 TCF4	Homo sapiens (Human)	619
TFAP2C	Q92754	AP2C_HUMAN	reviewed	Transcription factor AP-2 gamma (AP2-gamma) (Activating enhancer-binding protein 2 gamma) (Transcription factor ERF-1)	TFAP2C	Homo sapiens (Human)	450
TFDP1	Q14186	TFDP1_HUMAN	reviewed	Transcription factor Dp-1 (DRTF1-polypeptide 1) (DRTF1) (E2F dimerization partner 1)	TFDP1 DP1	Homo sapiens (Human)	410
TGIF1	Q15583	TGIF1_HUMAN	reviewed	Homeobox protein TGIF1 (5'-TG-3'-interacting factor 1)	TGIF1 TGIF	Homo sapiens (Human)	401
TLE3	Q04726	TLE3_HUMAN	reviewed	Transducin-like enhancer protein 3 (Enhancer of split groucho-like protein 3) (ESG3)	TLE3 KIAA1547	Homo sapiens (Human)	772
TOP2B	Q02880	TOP2B_HUMAN	reviewed	DNA topoisomerase 2-beta (EC 5.6.2.2) (DNA topoisomerase II, beta isozyme)	TOP2B	Homo sapiens (Human)	1626
TP53	P04637	P53_HUMAN	reviewed	Cellular tumor antigen p53 (Antigen NY-CO-13) (Phosphoprotein p53) (Tumor suppressor p53)	TP53 P53	Homo sapiens (Human)	393
TP53BP1	Q12888	TP53B_HUMAN	reviewed	TP53-binding protein 1 (53BP1) (p53-binding protein 1) (p53BP1)	TP53BP1	Homo sapiens (Human)	1972
TRAF6	Q9Y4K3	TRAF6_HUMAN	reviewed	TNF receptor-associated factor 6 (EC 2.3.2.27) (E3 ubiquitin-protein ligase TRAF6) (Interleukin-1 signal transducer) (RING finger protein 85) (RING-type E3 ubiquitin transferase TRAF6)	TRAF6 RNF85	Homo sapiens (Human)	522
TRIB3	Q96RU7	TRIB3_HUMAN	reviewed	Tribbles homolog 3 (TRB-3) (Neuronal cell death-inducible putative kinase) (SINK) (p65-interacting inhibitor of NF-kappa-B)	TRIB3 C20orf97 NIPK SKIP3 TRB3	Homo sapiens (Human)	358
TRIM28	Q13263	TIF1B_HUMAN	reviewed	Transcription intermediary factor 1-beta (TIF1-beta) (E3 SUMO-protein ligase TRIM28) (EC 2.3.2.27) (KRAB-associated protein 1) (KAP-1) (KRAB-interacting protein 1) (KRIP-1) (Nuclear corepressor KAP-1) (RING finger protein 96) (RING-type E3 ubiquitin transferase TIF1-beta) (Tripartite motif-containing protein 28)	TRIM28 KAP1 RNF96 TIF1B	Homo sapiens (Human)	835
TRRAP	Q9Y4A5	TRRAP_HUMAN	reviewed	Transformation/transcription domain-associated protein (350/400 kDa PCAF-associated factor) (PAF350/400) (STAF40) (Tra1 homolog)	TRRAP PAF400	Homo sapiens (Human)	3859
TWIST1	Q15672	TWST1_HUMAN	reviewed	Twist-related protein 1 (Class A basic helix-loop-helix protein 38) (bHLHa38) (H-twist)	TWIST1 BHLHA38 TWIST	Homo sapiens (Human)	202
UPF1	Q92900	RENT1_HUMAN	reviewed	Regulator of nonsense transcripts 1 (EC 3.6.4.-) (ATP-dependent helicase RENT1) (Nonsense mRNA reducing factor 1) (NORF1) (Up-frameshift suppressor 1 homolog) (hUpf1)	UPF1 KIAA0221 RENT1	Homo sapiens (Human)	1129
UPF2	Q9HAU5	RENT2_HUMAN	reviewed	Regulator of nonsense transcripts 2 (Nonsense mRNA reducing factor 2) (Up-frameshift suppressor 2 homolog) (hUpf2)	UPF2 KIAA1408 RENT2	Homo sapiens (Human)	1272
USF1	P22415	USF1_HUMAN	reviewed	Upstream stimulatory factor 1 (Class B basic helix-loop-helix protein 11) (bHLHb11) (Major late transcription factor 1)	USF1 BHLHB11 USF	Homo sapiens (Human)	310
USF2	Q15853	USF2_HUMAN	reviewed	Upstream stimulatory factor 2 (Class B basic helix-loop-helix protein 12) (bHLHb12) (FOS-interacting protein) (FIP) (Major late transcription factor 2) (Upstream transcription factor 2)	USF2 BHLHB12	Homo sapiens (Human)	346
VDR	P11473	VDR_HUMAN	reviewed	Vitamin D3 receptor (VDR) (1,25-dihydroxyvitamin D3 receptor) (Nuclear receptor subfamily 1 group I member 1)	VDR NR1I1	Homo sapiens (Human)	427
VHL	P40337	VHL_HUMAN	reviewed	von Hippel-Lindau disease tumor suppressor (Protein G7) (pVHL)	VHL	Homo sapiens (Human)	213
WDR5	P61964	WDR5_HUMAN	reviewed	WD repeat-containing protein 5 (BMP2-induced 3-kb gene protein)	WDR5 BIG3	Homo sapiens (Human)	334
WWP1	Q9H0M0	WWP1_HUMAN	reviewed	NEDD4-like E3 ubiquitin-protein ligase WWP1 (EC 2.3.2.26) (Atrophin-1-interacting protein 5) (AIP5) (HECT-type E3 ubiquitin transferase WWP1) (TGIF-interacting ubiquitin ligase 1) (Tiul1) (WW domain-containing protein 1)	WWP1	Homo sapiens (Human)	922
WWTR1	Q9GZV5	WWTR1_HUMAN	reviewed	WW domain-containing transcription regulator protein 1 (Transcriptional coactivator with PDZ-binding motif)	WWTR1 TAZ	Homo sapiens (Human)	400
XRCC5	P13010	XRCC5_HUMAN	reviewed	X-ray repair cross-complementing protein 5 (EC 3.6.4.-) (86 kDa subunit of Ku antigen) (ATP-dependent DNA helicase 2 subunit 2) (ATP-dependent DNA helicase II 80 kDa subunit) (CTC box-binding factor 85 kDa subunit) (CTC85) (CTCBF) (DNA repair protein XRCC5) (Ku80) (Ku86) (Lupus Ku autoantigen protein p86) (Nuclear factor IV) (Thyroid-lupus autoantigen) (TLAA) (X-ray repair complementing defective repair in Chinese hamster cells 5 (double-strand-break rejoining))	XRCC5 G22P2	Homo sapiens (Human)	732
XRCC6	P12956	XRCC6_HUMAN	reviewed	X-ray repair cross-complementing protein 6 (EC 3.6.4.-) (EC 4.2.99.-) (5'-deoxyribose-5-phosphate lyase Ku70) (5'-dRP lyase Ku70) (70 kDa subunit of Ku antigen) (ATP-dependent DNA helicase 2 subunit 1) (ATP-dependent DNA helicase II 70 kDa subunit) (CTC box-binding factor 75 kDa subunit) (CTC75) (CTCBF) (DNA repair protein XRCC6) (Lupus Ku autoantigen protein p70) (Ku70) (Thyroid-lupus autoantigen) (TLAA) (X-ray repair complementing defective repair in Chinese hamster cells 6)	XRCC6 G22P1	Homo sapiens (Human)	609
YBX1	P67809	YBOX1_HUMAN	reviewed	Y-box-binding protein 1 (YB-1) (CCAAT-binding transcription factor I subunit A) (CBF-A) (DNA-binding protein B) (DBPB) (Enhancer factor I subunit A) (EFI-A) (Nuclease-sensitive element-binding protein 1) (Y-box transcription factor)	YBX1 NSEP1 YB1	Homo sapiens (Human)	324
YEATS4	O95619	YETS4_HUMAN	reviewed	YEATS domain-containing protein 4 (Glioma-amplified sequence 41) (Gas41) (NuMA-binding protein 1) (NuBI-1) (NuBI1)	YEATS4 GAS41	Homo sapiens (Human)	227
YY1	P25490	TYY1_HUMAN	reviewed	Transcriptional repressor protein YY1 (Delta transcription factor) (INO80 complex subunit S) (NF-E1) (Yin and yang 1) (YY-1)	YY1 INO80S	Homo sapiens (Human)	414
ZBTB17	Q13105	ZBT17_HUMAN	reviewed	Zinc finger and BTB domain-containing protein 17 (Myc-interacting zinc finger protein 1) (Miz-1) (Zinc finger protein 151) (Zinc finger protein 60)	ZBTB17 MIZ1 ZNF151 ZNF60	Homo sapiens (Human)	803
ZEB1	P37275	ZEB1_HUMAN	reviewed	Zinc finger E-box-binding homeobox 1 (NIL-2-A zinc finger protein) (Negative regulator of IL2) (Transcription factor 8) (TCF-8)	ZEB1 AREB6 TCF8	Homo sapiens (Human)	1124
ZEB2	O60315	ZEB2_HUMAN	reviewed	Zinc finger E-box-binding homeobox 2 (Smad-interacting protein 1) (SMADIP1) (Zinc finger homeobox protein 1b)	ZEB2 KIAA0569 SIP1 ZFHX1B ZFX1B HRIHFB2411	Homo sapiens (Human)	1214
ZFP36	P16415	ZN823_HUMAN	reviewed	Zinc finger protein 823 (Zinc finger protein ZFP-36)	ZNF823 ZFP36	Homo sapiens (Human)	610
ZFP36	P26651	TTP_HUMAN	reviewed	mRNA decay activator protein ZFP36 (G0/G1 switch regulatory protein 24) (Growth factor-inducible nuclear protein NUP475) (Tristetraprolin) (Zinc finger protein 36) (Zfp-36)	ZFP36 G0S24 NUP475 RNF162A TIS11A TTP	Homo sapiens (Human)	326
ZFP36L1	Q07352	TISB_HUMAN	reviewed	mRNA decay activator protein ZFP36L1 (Butyrate response factor 1) (EGF-response factor 1) (ERF-1) (TPA-induced sequence 11b) (Zinc finger protein 36, C3H1 type-like 1) (ZFP36-like 1)	ZFP36L1 BERG36 BRF1 ERF1 RNF162B TIS11B	Homo sapiens (Human)	338
ZNF143	P52747	ZN143_HUMAN	reviewed	Zinc finger protein 143 (SPH-binding factor) (Selenocysteine tRNA gene transcription-activating factor) (hStaf)	ZNF143 SBF STAF	Homo sapiens (Human)	638
ZNF217	O75362	ZN217_HUMAN	reviewed	Zinc finger protein 217	ZNF217 ZABC1	Homo sapiens (Human)	1048
ZNF350	Q9GZX5	ZN350_HUMAN	reviewed	Zinc finger protein 350 (KRAB zinc finger protein ZFQR) (Zinc finger and BRCA1-interacting protein with a KRAB domain 1) (Zinc finger protein ZBRK1)	ZNF350 ZBRK1	Homo sapiens (Human)	532
